Predictor variable,Categorical,Sample average
wc2.1_30s_bio_15,false,86.76196494469276
wc2.1_30s_bio_4,false,189.68894899808444
wc2.1_30s_bio_9,false,17.144230585831863
