Predictor variable,Categorical,Sample average
wc2.1_30s_bio_15,false,88.81701924250676
wc2.1_30s_bio_4,false,192.68365009014423
wc2.1_30s_bio_9,false,17.26025625375601
