,Variables,VIF
1,wc2.1_30s_bio_2,3.4503346966563
2,wc2.1_30s_bio_3,3.77271017517373
3,wc2.1_30s_bio_8,6.40132856474197
