Variables,VIF
wc2.1_30s_bio_10,2.73795567738324
wc2.1_30s_bio_14,1.59618286406399
wc2.1_30s_bio_18,3.3023766996861
wc2.1_30s_bio_3,2.96991397936489
wc2.1_30s_bio_4,3.45503990375723
