Predictor variable,Categorical,Sample average
wc2.1_30s_bio_15,false,87.18002876868614
wc2.1_30s_bio_4,false,186.8675501896785
wc2.1_30s_bio_9,false,17.397435701810398
