Predictor variable,Categorical,Sample average
wc2.1_30s_bio_15,false,87.14785619882437
wc2.1_30s_bio_4,false,188.9565423818735
wc2.1_30s_bio_9,false,17.419871476980354
