Predictor variable,Categorical,Sample average
wc2.1_30s_bio_15,false,88.22333262516902
wc2.1_30s_bio_4,false,192.99288529616135
wc2.1_30s_bio_9,false,16.853846036470852
