Predictor variable,Categorical,Sample average
wc2.1_30s_bio_15,false,86.90973135141226
wc2.1_30s_bio_4,false,188.11859600360577
wc2.1_30s_bio_9,false,17.21089722560002
