Predictor variable,Categorical,Sample average
wc2.1_30s_bio_15,false,88.88267341026894
wc2.1_30s_bio_4,false,190.51846313476562
wc2.1_30s_bio_9,false,17.151922959547775
